shape,batch,repeats,p50_ms,p95_ms,mean_ms,dtype
256x256x256,1,5,0.2926,0.3614,0.30194,float32
256x256x256,16,5,4.5684,5.9236,4.57164,float32
512x512x512,1,5,0.9055,0.9921,0.90136,float32
512x512x512,16,5,16.7542,17.325,16.67382,float32
1024x1024x1024,1,5,7.3182,8.2509,7.5062,float32
1024x1024x1024,16,5,133.7321,138.3795,126.52647999999999,float32
