shape,batch,repeats,p50_ms,p95_ms,mean_ms,dtype
256x256x256,1,5,0.2423,0.3084,0.25524,float32
256x256x256,16,5,4.3435,6.0122,4.7233,float32
512x512x512,1,5,1.0789,1.2635,1.08082,float32
512x512x512,16,5,18.8832,19.5701,18.79582,float32
1024x1024x1024,1,5,7.3589,8.5274,7.38822,float32
1024x1024x1024,16,5,128.084,138.9826,124.71237999999998,float32
