n_nodes,queue_max,max_inflight,process_delay_s,concurrency,n_requests,p50_ms,p95_ms,mean_ms,throughput_rps,alloc_cur_kb_delta,alloc_peak_kb
9,1024,1024,0.0,1,1200,0.0563,0.0688,0.06676033333333332,9815.750177085747,913.1591796875,1796.208984375
9,1024,1024,0.0,9,1200,0.3016,0.3941,0.3731589166666667,13802.051006823905,928.2294921875,1811.8642578125
9,1024,1024,0.0,64,1200,1.8074,12.1625,2.3362594166666666,14640.234531866558,870.2763671875,1764.3154296875
