n_nodes,queue_max,max_inflight,process_delay_s,concurrency,n_requests,p50_ms,p95_ms,mean_ms,throughput_rps,alloc_cur_kb_delta,alloc_peak_kb
9,1024,1024,0.0,1,1200,0.0502,0.092,0.06619933333333333,9885.476733910285,913.1591796875,1796.208984375
9,1024,1024,0.0,9,1200,0.3177,0.6481,0.41245266666666663,12513.204044131304,992.2294921875,1875.8642578125
9,1024,1024,0.0,64,1200,1.7594,14.3209,2.4199385833333333,13925.911842632648,870.2763671875,1764.3154296875
