n_nodes,queue_max,max_inflight,process_delay_s,concurrency,n_requests,p50_ms,p95_ms,mean_ms,throughput_rps,alloc_cur_kb_delta,alloc_peak_kb
9,1024,1024,0.0,1,1200,0.0499,0.0786,0.06269166666666667,10383.00304045412,913.1591796875,1796.208984375
9,1024,1024,0.0,9,1200,0.2932,0.3661,0.35945533333333335,14282.568710444653,992.2294921875,1875.8642578125
9,1024,1024,0.0,64,1200,2.0598,11.0168,2.623167,13406.0837021374,870.2763671875,1764.3154296875
