shape,batch,repeats,p50_ms,p95_ms,mean_ms,dtype
256x256x256,1,5,0.2504,0.3008,0.26126,float32
256x256x256,16,5,3.9658,4.522,4.08488,float32
512x512x512,1,5,0.9579,1.2026,0.98654,float32
512x512x512,16,5,16.7316,17.5895,16.5911,float32
1024x1024x1024,1,5,6.5036,7.9292,6.85054,float32
1024x1024x1024,16,5,128.4979,140.0346,131.14466,float32
