n_nodes,queue_max,max_inflight,process_delay_s,concurrency,n_requests,p50_ms,p95_ms,mean_ms,throughput_rps,alloc_cur_kb_delta,alloc_peak_kb
9,1024,1024,0.0,1,1200,0.0499,0.0741,0.06256016666666667,10490.124824154738,913.1591796875,1796.208984375
9,1024,1024,0.0,9,1200,0.2834,0.4181,0.3558128333333333,14389.04132988497,928.2294921875,1811.8642578125
9,1024,1024,0.0,64,1200,1.7441,10.3495,2.1694172500000004,15536.63538847446,870.2763671875,1764.3154296875
