n_nodes,queue_max,max_inflight,process_delay_s,concurrency,n_requests,p50_ms,p95_ms,mean_ms,throughput_rps,alloc_cur_kb_delta,alloc_peak_kb
9,1024,1024,0.0,1,1200,0.05,0.0859,0.06371208333333334,10200.213175391507,913.1591796875,1796.208984375
9,1024,1024,0.0,9,1200,0.3039,0.3989,0.37488883333333334,13492.075084278467,928.2294921875,1811.8642578125
9,1024,1024,0.0,64,1200,1.7791,11.1932,2.269995166666667,14793.738312276493,870.2763671875,1764.3154296875
