shape,batch,repeats,p50_ms,p95_ms,mean_ms,dtype
256x256x256,1,5,0.3096,0.3245,0.2989,float32
256x256x256,16,5,4.4482,4.6189,4.2812600000000005,float32
512x512x512,1,5,1.0352,1.1311,1.0326,float32
512x512x512,16,5,19.6506,21.4094,19.636400000000002,float32
1024x1024x1024,1,5,6.9143,8.6691,7.34678,float32
1024x1024x1024,16,5,126.583,144.1844,128.33272,float32
