shape,batch,repeats,p50_ms,p95_ms,mean_ms,dtype
256x256x256,1,5,0.2402,0.385,0.26458,float32
256x256x256,16,5,3.9816,4.2816,4.03184,float32
512x512x512,1,5,1.0405,1.3032,1.0854199999999998,float32
512x512x512,16,5,19.3142,22.5613,19.698919999999998,float32
1024x1024x1024,1,5,6.7124,7.0049,6.6777,float32
1024x1024x1024,16,5,121.1898,129.7374,118.99531999999999,float32
