{
  "femto_bench": {
    "git_commit": "930ad9964a4bef7aae7215963f540dd524e3a3fe",
    "machine_profile": {
      "platform": "Windows-11-10.0.26100-SP0",
      "python": "3.12.10",
      "numpy": "2.4.0",
      "cpu_count": 12,
      "processor": "Intel64 Family 6 Model 165 Stepping 2, GenuineIntel"
    },
    "workload_definition": {
      "n_requests": 300,
      "concurrency": [
        1,
        9,
        64
      ],
      "warmup": 20,
      "seed": 0
    },
    "results_csv": "C:\\Users\\pdxvo\\Documents\\Lean\\CoherenceLattice\\out\\tel_smoke_steps\\konomi_smoke_base\\femto\\femto_async_results.csv",
    "results": [
      {
        "concurrency": 1,
        "n_requests": 300,
        "p50_ms": 0.0355,
        "p95_ms": 0.0463,
        "mean_ms": 0.037409,
        "throughput_rps": 6984.573341337674,
        "max_loop_lag_ms": -9.999999776482582,
        "alloc_cur_kb_delta": 43.634765625,
        "alloc_peak_kb": 43.892578125
      },
      {
        "concurrency": 9,
        "n_requests": 300,
        "p50_ms": 0.1309,
        "p95_ms": 0.3051,
        "mean_ms": 0.16073300000000001,
        "throughput_rps": 17779.568825131497,
        "max_loop_lag_ms": -9.999999776482582,
        "alloc_cur_kb_delta": 24.2197265625,
        "alloc_peak_kb": 35.1513671875
      },
      {
        "concurrency": 64,
        "n_requests": 300,
        "p50_ms": 0.8033,
        "p95_ms": 1.0385,
        "mean_ms": 0.7985503333333334,
        "throughput_rps": 24399.170607457814,
        "max_loop_lag_ms": -9.999999776482582,
        "alloc_cur_kb_delta": 61.74609375,
        "alloc_peak_kb": 128.232421875
      }
    ],
    "gates": {},
    "notes": "FemtoModel is a stub for wiring + concurrency (not trained unless stated)."
  }
}