concurrency,n_requests,p50_ms,p95_ms,mean_ms,throughput_rps,max_loop_lag_ms,alloc_cur_kb_delta,alloc_peak_kb
1,300,0.0355,0.0463,0.037409,6984.573341337674,-9.999999776482582,43.634765625,43.892578125
9,300,0.1309,0.3051,0.16073300000000001,17779.568825131497,-9.999999776482582,24.2197265625,35.1513671875
64,300,0.8033,1.0385,0.7985503333333334,24399.170607457814,-9.999999776482582,61.74609375,128.232421875
