concurrency,n_requests,p50_ms,p95_ms,mean_ms,throughput_rps,max_loop_lag_ms,alloc_cur_kb_delta,alloc_peak_kb
1,300,0.0351,0.0531,0.03789733333333333,6922.9224624308645,-9.999999776482582,43.134765625,43.392578125
9,300,0.127,0.1747,0.13189800000000002,21195.421477743206,-9.999999776482582,23.2197265625,34.1513671875
64,300,0.7598,1.1534,0.808548,24839.37254631012,-9.999999776482582,57.74609375,124.232421875
