shape,batch,repeats,p50_ms,p95_ms,mean_ms,dtype
256x256x256,1,5,0.275,0.3897,0.2799,float32
256x256x256,16,5,4.7116,5.3184,4.58582,float32
512x512x512,1,5,1.1532,1.2274,1.1077400000000002,float32
512x512x512,16,5,16.6233,18.384,17.110419999999998,float32
1024x1024x1024,1,5,7.8187,9.1976,8.07022,float32
1024x1024x1024,16,5,124.7936,136.2309,125.86035999999999,float32
