shape,batch,repeats,p50_ms,p95_ms,mean_ms,dtype
256x256x256,1,5,0.3955,0.4066,0.38852000000000003,float32
256x256x256,16,5,4.8936,6.0676,5.19308,float32
512x512x512,1,5,1.0633,1.1528,1.07228,float32
512x512x512,16,5,18.774,19.0867,18.37628,float32
1024x1024x1024,1,5,7.0622,8.2753,7.23166,float32
1024x1024x1024,16,5,118.221,132.8985,119.75448000000002,float32
