n_nodes,queue_max,max_inflight,process_delay_s,concurrency,n_requests,p50_ms,p95_ms,mean_ms,throughput_rps,alloc_cur_kb_delta,alloc_peak_kb
9,1024,1024,0.0,1,1200,0.0557,0.089,0.06776041666666667,9618.028052608812,913.1591796875,1796.208984375
9,1024,1024,0.0,9,1200,0.3107,0.549,0.39634375,13003.337521462545,992.2294921875,1875.8642578125
9,1024,1024,0.0,64,1200,1.8656,17.9599,2.69787475,13475.333460568223,870.2763671875,1764.3154296875
