concurrency,n_requests,p50_ms,p95_ms,mean_ms,throughput_rps,max_loop_lag_ms,alloc_cur_kb_delta,alloc_peak_kb
1,300,0.0131,0.0207,0.014234333333333333,15442.266448682765,0.0871000811457634,29.9365234375,29.9365234375
9,300,0.0818,0.1058,0.085843,32695.409499102512,nan,21.2421875,30.853515625
64,300,0.5787,0.8729,0.6104780000000001,34108.73897959694,nan,55.31640625,117.263671875
