{
  "femto_bench": {
    "git_commit": "604b3af30e5e48f90a34305765653f3def362186",
    "machine_profile": {
      "platform": "Windows-11-10.0.26100-SP0",
      "python": "3.14.2",
      "numpy": "2.4.0",
      "cpu_count": 12,
      "processor": "Intel64 Family 6 Model 165 Stepping 2, GenuineIntel"
    },
    "workload_definition": {
      "n_requests": 300,
      "concurrency": [
        1,
        9,
        64
      ],
      "warmup": 20,
      "seed": 0
    },
    "results_csv": "C:\\Users\\pdxvo\\Documents\\Lean\\CoherenceLattice\\out\\telemetry_smoke\\konomi_smoke_out\\femto\\femto_async_results.csv",
    "results": [
      {
        "concurrency": 1,
        "n_requests": 300,
        "p50_ms": 0.0133,
        "p95_ms": 0.0154,
        "mean_ms": 0.013777333333333334,
        "throughput_rps": 15851.796188269102,
        "max_loop_lag_ms": 0.09169988334178925,
        "alloc_cur_kb_delta": 23.09765625,
        "alloc_peak_kb": 23.09765625
      },
      {
        "concurrency": 9,
        "n_requests": 300,
        "p50_ms": 0.0908,
        "p95_ms": 0.109,
        "mean_ms": 0.09256400000000001,
        "throughput_rps": 30372.980179670332,
        "max_loop_lag_ms": NaN,
        "alloc_cur_kb_delta": 19.7568359375,
        "alloc_peak_kb": 29.4599609375
      },
      {
        "concurrency": 64,
        "n_requests": 300,
        "p50_ms": 0.6561,
        "p95_ms": 0.7961,
        "mean_ms": 0.6547636666666666,
        "throughput_rps": 31695.386951594908,
        "max_loop_lag_ms": NaN,
        "alloc_cur_kb_delta": 55.1787109375,
        "alloc_peak_kb": 117.2177734375
      }
    ],
    "gates": {},
    "notes": "FemtoModel is a stub for wiring + concurrency (not trained unless stated)."
  }
}