concurrency,n_requests,p50_ms,p95_ms,mean_ms,throughput_rps,max_loop_lag_ms,alloc_cur_kb_delta,alloc_peak_kb
1,300,0.0133,0.0154,0.013777333333333334,15851.796188269102,0.09169988334178925,23.09765625,23.09765625
9,300,0.0908,0.109,0.09256400000000001,30372.980179670332,nan,19.7568359375,29.4599609375
64,300,0.6561,0.7961,0.6547636666666666,31695.386951594908,nan,55.1787109375,117.2177734375
