concurrency,n_requests,p50_ms,p95_ms,mean_ms,throughput_rps,max_loop_lag_ms,alloc_cur_kb_delta,alloc_peak_kb
1,300,0.0354,0.0581,0.03793733333333333,6943.142621005699,-9.999999776482582,47.7197265625,47.931640625
9,300,0.1297,0.219,0.14150966666666667,20556.956713787262,-9.999999776482582,24.173828125,35.1513671875
64,300,0.8176,1.0302,0.8287936666666667,23784.98309028963,-9.999999776482582,61.74609375,128.232421875
