{
  "femto_bench": {
    "git_commit": "747ea95b4501087e834adc79afefc2f83ec9d327",
    "machine_profile": {
      "platform": "Windows-11-10.0.26100-SP0",
      "python": "3.12.10",
      "numpy": "2.4.0",
      "cpu_count": 12,
      "processor": "Intel64 Family 6 Model 165 Stepping 2, GenuineIntel"
    },
    "workload_definition": {
      "n_requests": 300,
      "concurrency": [
        1,
        9,
        64
      ],
      "warmup": 20,
      "seed": 0
    },
    "results_csv": "C:\\Users\\pdxvo\\Documents\\Lean\\CoherenceLattice\\out\\tel_smoke2\\konomi_smoke_base\\femto\\femto_async_results.csv",
    "results": [
      {
        "concurrency": 1,
        "n_requests": 300,
        "p50_ms": 0.0354,
        "p95_ms": 0.0581,
        "mean_ms": 0.03793733333333333,
        "throughput_rps": 6943.142621005699,
        "max_loop_lag_ms": -9.999999776482582,
        "alloc_cur_kb_delta": 47.7197265625,
        "alloc_peak_kb": 47.931640625
      },
      {
        "concurrency": 9,
        "n_requests": 300,
        "p50_ms": 0.1297,
        "p95_ms": 0.219,
        "mean_ms": 0.14150966666666667,
        "throughput_rps": 20556.956713787262,
        "max_loop_lag_ms": -9.999999776482582,
        "alloc_cur_kb_delta": 24.173828125,
        "alloc_peak_kb": 35.1513671875
      },
      {
        "concurrency": 64,
        "n_requests": 300,
        "p50_ms": 0.8176,
        "p95_ms": 1.0302,
        "mean_ms": 0.8287936666666667,
        "throughput_rps": 23784.98309028963,
        "max_loop_lag_ms": -9.999999776482582,
        "alloc_cur_kb_delta": 61.74609375,
        "alloc_peak_kb": 128.232421875
      }
    ],
    "gates": {},
    "notes": "FemtoModel is a stub for wiring + concurrency (not trained unless stated)."
  }
}