n_nodes,queue_max,max_inflight,process_delay_s,concurrency,n_requests,p50_ms,p95_ms,mean_ms,throughput_rps,alloc_cur_kb_delta,alloc_peak_kb
9,1024,1024,0.0,1,1200,0.0386,0.057,0.04505566666666667,14469.1277324362,853.6943359375,1717.341796875
9,1024,1024,0.0,9,1200,0.2349,0.4134,0.2933905,17297.7212109273,833.4638671875,1693.5283203125
9,1024,1024,0.0,64,1200,1.4884,7.5699,1.7887013333333335,18852.54013228461,840.3779296875,1710.6357421875
