n_nodes,queue_max,max_inflight,process_delay_s,concurrency,n_requests,p50_ms,p95_ms,mean_ms,throughput_rps,alloc_cur_kb_delta,alloc_peak_kb
9,1024,1024,0.0,1,1200,0.0423,0.0765,0.05124541666666667,12897.525921884711,853.6630859375,1717.310546875
9,1024,1024,0.0,9,1200,0.2737,0.5217,0.37711316666666667,14150.876634675164,833.4326171875,1693.4970703125
9,1024,1024,0.0,64,1200,1.5773,8.9743,1.9417372499999999,17421.602807978128,840.3466796875,1710.6044921875
