{
  "base": {
    "audit_bundle_path": "out/tel_smoke2/ucc_cov_out/audit_bundle.json",
    "metrics": {
      "E": 0.9584410759523946,
      "Es": 1.0,
      "Psi": 0.9584410759523946,
      "T": 1.0
    },
    "perf_index": 3.395775492598953,
    "perf_values_count": 123
  },
  "deltaS": 7.374300980123039e-05,
  "kind": "telemetry_perturbations.v1",
  "lambda": 7.374300980123039e-05,
  "perturbations": [
    {
      "Es_source": "audit_bundle.flags.sections_complete",
      "T_source": "audit_bundle.section_coverage",
      "audit_bundle_path": "out/tel_smoke2/ucc_cov_perturb_1/audit_bundle.json",
      "drift_from_base": 7.374300980123039e-05,
      "i": 1,
      "metrics": {
        "E": 0.958588561971997,
        "Es": 1.0,
        "Psi": 0.958588561971997,
        "T": 1.0
      },
      "perf_index": 3.3834659472919237,
      "perf_values_count": 123
    }
  ]
}