{
  "femto_bench": {
    "git_commit": "d7bdb506b46c9407ec47bede22e9c526e4bbfa4f",
    "machine_profile": {
      "platform": "Windows-11-10.0.26100-SP0",
      "python": "3.12.10",
      "numpy": "2.4.0",
      "cpu_count": 12,
      "processor": "Intel64 Family 6 Model 165 Stepping 2, GenuineIntel"
    },
    "workload_definition": {
      "n_requests": 300,
      "concurrency": [
        1,
        9,
        64
      ],
      "warmup": 20,
      "seed": 0
    },
    "results_csv": "C:\\Users\\pdxvo\\Documents\\Lean\\CoherenceLattice\\out\\tel_events_smoke\\konomi_smoke_perturb_1\\femto\\femto_async_results.csv",
    "results": [
      {
        "concurrency": 1,
        "n_requests": 300,
        "p50_ms": 0.0346,
        "p95_ms": 0.0447,
        "mean_ms": 0.036655,
        "throughput_rps": 7072.3524942211825,
        "max_loop_lag_ms": -9.999999776482582,
        "alloc_cur_kb_delta": 43.634765625,
        "alloc_peak_kb": 43.892578125
      },
      {
        "concurrency": 9,
        "n_requests": 300,
        "p50_ms": 0.1275,
        "p95_ms": 0.1838,
        "mean_ms": 0.13160666666666668,
        "throughput_rps": 21682.88010075338,
        "max_loop_lag_ms": -9.999999776482582,
        "alloc_cur_kb_delta": 24.2197265625,
        "alloc_peak_kb": 35.1513671875
      },
      {
        "concurrency": 64,
        "n_requests": 300,
        "p50_ms": 0.8007,
        "p95_ms": 0.829,
        "mean_ms": 0.7684386666666666,
        "throughput_rps": 25575.883336402065,
        "max_loop_lag_ms": -9.999999776482582,
        "alloc_cur_kb_delta": 61.74609375,
        "alloc_peak_kb": 128.232421875
      }
    ],
    "gates": {},
    "notes": "FemtoModel is a stub for wiring + concurrency (not trained unless stated)."
  }
}