concurrency,n_requests,p50_ms,p95_ms,mean_ms,throughput_rps,max_loop_lag_ms,alloc_cur_kb_delta,alloc_peak_kb
1,300,0.0346,0.0447,0.036655,7072.3524942211825,-9.999999776482582,43.634765625,43.892578125
9,300,0.1275,0.1838,0.13160666666666668,21682.88010075338,-9.999999776482582,24.2197265625,35.1513671875
64,300,0.8007,0.829,0.7684386666666666,25575.883336402065,-9.999999776482582,61.74609375,128.232421875
