{
  "base": {
    "audit_bundle_path": "out/tel_smoke_steps/ucc_cov_out/audit_bundle.json",
    "metrics": {
      "E": 0.9584198947920963,
      "Es": 1.0,
      "Psi": 0.9584198947920963,
      "T": 1.0
    },
    "perf_index": 3.3975434797923865,
    "perf_values_count": 123
  },
  "deltaS": 1.4232494125410167e-05,
  "kind": "telemetry_perturbations.v1",
  "lambda": 1.4232494125410167e-05,
  "perturbations": [
    {
      "Es_source": "audit_bundle.flags.sections_complete",
      "T_source": "audit_bundle.section_coverage",
      "audit_bundle_path": "out/tel_smoke_steps/ucc_cov_perturb_1/audit_bundle.json",
      "drift_from_base": 1.4232494125410167e-05,
      "i": 1,
      "metrics": {
        "E": 0.9583914298038455,
        "Es": 1.0,
        "Psi": 0.9583914298038455,
        "T": 1.0
      },
      "perf_index": 3.3999195081797513,
      "perf_values_count": 123
    }
  ]
}