n_nodes,queue_max,max_inflight,process_delay_s,concurrency,n_requests,p50_ms,p95_ms,mean_ms,throughput_rps,alloc_cur_kb_delta,alloc_peak_kb
9,1024,1024,0.0,1,1200,0.0507,0.087,0.06634116666666666,9822.250024911238,913.1591796875,1796.208984375
9,1024,1024,0.0,9,1200,0.3038,0.5844,0.38847091666666667,13249.961651429387,992.2294921875,1875.8642578125
9,1024,1024,0.0,64,1200,1.7775,11.1157,2.2611639166666664,15002.58799582621,870.2763671875,1764.3154296875
