n_nodes,queue_max,max_inflight,process_delay_s,concurrency,n_requests,p50_ms,p95_ms,mean_ms,throughput_rps,alloc_cur_kb_delta,alloc_peak_kb
9,1024,1024,0.0,1,1200,0.0494,0.0763,0.061609166666666666,10343.802132612816,913.1591796875,1796.208984375
9,1024,1024,0.0,9,1200,0.2955,0.5381,0.3800450833333333,13666.336446149324,928.2294921875,1811.8642578125
9,1024,1024,0.0,64,1200,1.725,10.6401,2.2102286666666666,15352.728937964297,870.2763671875,1764.3154296875
