name,E,T,psi,band
keter,1.000000,1.000000,1.000000,4
chokmah,0.900000,0.700000,0.630000,3
binah,0.700000,0.900000,0.630000,3
chesed,0.800000,0.600000,0.480000,2
gevurah,0.600000,0.800000,0.480000,2
tiphereth,0.750000,0.750000,0.562500,2
netzach,0.600000,0.400000,0.240000,1
hod,0.400000,0.600000,0.240000,1
yesod,0.500000,0.500000,0.250000,1
malkuth,0.200000,0.200000,0.040000,0
