{
  "femto_bench": {
    "git_commit": "ff16f482033b66020d43659428158340f04b5539",
    "machine_profile": {
      "platform": "Windows-11-10.0.26100-SP0",
      "python": "3.12.10",
      "numpy": "2.4.0",
      "cpu_count": 12,
      "processor": "Intel64 Family 6 Model 165 Stepping 2, GenuineIntel"
    },
    "workload_definition": {
      "n_requests": 300,
      "concurrency": [
        1,
        9,
        64
      ],
      "warmup": 20,
      "seed": 0
    },
    "results_csv": "C:\\Users\\pdxvo\\Documents\\Lean\\CoherenceLattice\\out\\tel_events_steps_verify2\\konomi_smoke_base\\femto\\femto_async_results.csv",
    "results": [
      {
        "concurrency": 1,
        "n_requests": 300,
        "p50_ms": 0.0427,
        "p95_ms": 0.0803,
        "mean_ms": 0.049278999999999996,
        "throughput_rps": 5447.097759142037,
        "max_loop_lag_ms": -9.999999776482582,
        "alloc_cur_kb_delta": 43.2216796875,
        "alloc_peak_kb": 43.525390625
      },
      {
        "concurrency": 9,
        "n_requests": 300,
        "p50_ms": 0.2651,
        "p95_ms": 0.6252,
        "mean_ms": 0.258027,
        "throughput_rps": 11310.852443947519,
        "max_loop_lag_ms": -9.999999776482582,
        "alloc_cur_kb_delta": 24.173828125,
        "alloc_peak_kb": 35.10546875
      },
      {
        "concurrency": 64,
        "n_requests": 300,
        "p50_ms": 1.0322,
        "p95_ms": 1.489,
        "mean_ms": 1.013415,
        "throughput_rps": 19853.349865745033,
        "max_loop_lag_ms": -4.999999888241291,
        "alloc_cur_kb_delta": 61.7001953125,
        "alloc_peak_kb": 128.1865234375
      }
    ],
    "gates": {},
    "notes": "FemtoModel is a stub for wiring + concurrency (not trained unless stated)."
  }
}