concurrency,n_requests,p50_ms,p95_ms,mean_ms,throughput_rps,max_loop_lag_ms,alloc_cur_kb_delta,alloc_peak_kb
1,300,0.0359,0.0575,0.038142,6868.949587752733,-9.999999776482582,43.685546875,43.943359375
9,300,0.1277,0.2189,0.146671,19595.932130306806,-9.999999776482582,23.3115234375,34.2431640625
64,300,0.7955,0.8359,0.766779,25011.463214544703,-4.999999888241291,57.7001953125,124.232421875
