n_points,shape,chunk,blocks_allocated,bytes_est,write_s,write_pts_per_s,scan_box,scan_s,scan_blocks_visited,scan_hits,max_blocks,max_hits
20000,1000x1000x1000,16,19205,314654720,0.24120880011469126,82915.71447845308,"0,256,0,256,0,256",0.18863070011138916,324,337,5000,20000
