n_nodes,queue_max,max_inflight,process_delay_s,concurrency,n_requests,p50_ms,p95_ms,mean_ms,throughput_rps,alloc_cur_kb_delta,alloc_peak_kb
9,1024,1024,0.0,1,1200,0.051,0.0706,0.06392808333333333,10178.186116039537,913.1591796875,1796.208984375
9,1024,1024,0.0,9,1200,0.3116,0.3942,0.3853324166666667,13420.552019057224,992.2294921875,1875.8642578125
9,1024,1024,0.0,64,1200,1.865,14.7176,2.586608666666667,13765.746027893652,870.2763671875,1764.3154296875
