shape,batch,repeats,p50_ms,p95_ms,mean_ms,dtype
256x256x256,1,5,0.2725,0.3224,0.26674000000000003,float32
256x256x256,16,5,4.1127,5.4882,4.32568,float32
512x512x512,1,5,0.9364,1.1043,0.9560600000000001,float32
512x512x512,16,5,17.8226,18.4463,17.90718,float32
1024x1024x1024,1,5,6.9321,8.8048,7.32684,float32
1024x1024x1024,16,5,122.948,129.7965,121.09872,float32
