shape,batch,repeats,p50_ms,p95_ms,mean_ms,dtype
256x256x256,1,5,0.3122,0.3397,0.3071,float32
256x256x256,16,5,4.5836,5.2276,4.45664,float32
512x512x512,1,5,1.0427,1.0697,0.9986200000000001,float32
512x512x512,16,5,18.2687,19.631,18.539179999999998,float32
1024x1024x1024,1,5,7.278,7.7499,6.94718,float32
1024x1024x1024,16,5,119.3841,131.0294,121.73974000000001,float32
