shape,batch,repeats,p50_ms,p95_ms,mean_ms,dtype
256x256x256,1,5,0.2391,0.2492,0.23492000000000002,float32
256x256x256,16,5,4.0545,4.9059,4.19096,float32
512x512x512,1,5,1.0177,1.0881,1.03278,float32
512x512x512,16,5,20.1593,20.7946,19.679679999999998,float32
1024x1024x1024,1,5,6.709,7.3719,6.64594,float32
1024x1024x1024,16,5,119.2712,120.7257,117.89898000000001,float32
