shape,batch,repeats,p50_ms,p95_ms,mean_ms,dtype
256x256x256,1,5,0.2258,0.2702,0.23359999999999997,float32
256x256x256,16,5,4.4662,5.2065,4.43502,float32
512x512x512,1,5,1.0313,1.1694,1.04504,float32
512x512x512,16,5,17.4148,18.6523,17.68464,float32
1024x1024x1024,1,5,7.0556,8.0544,7.08026,float32
1024x1024x1024,16,5,119.8372,130.3227,122.83430000000001,float32
