concurrency,n_requests,p50_ms,p95_ms,mean_ms,throughput_rps,max_loop_lag_ms,alloc_cur_kb_delta,alloc_peak_kb
1,300,0.0362,0.0461,0.03776366666666667,7073.736592202519,-9.999999776482582,43.3642578125,43.6220703125
9,300,0.1251,0.1393,0.12648633333333334,22093.425892889845,-9.999999776482582,23.2197265625,34.1513671875
64,300,0.7487,0.8644,0.735791,25643.21655036346,-9.999999776482582,57.74609375,124.232421875
