{
  "femto_bench": {
    "git_commit": "930ad9964a4bef7aae7215963f540dd524e3a3fe",
    "machine_profile": {
      "platform": "Windows-11-10.0.26100-SP0",
      "python": "3.12.10",
      "numpy": "2.4.0",
      "cpu_count": 12,
      "processor": "Intel64 Family 6 Model 165 Stepping 2, GenuineIntel"
    },
    "workload_definition": {
      "n_requests": 300,
      "concurrency": [
        1,
        9,
        64
      ],
      "warmup": 20,
      "seed": 0
    },
    "results_csv": "C:\\Users\\pdxvo\\Documents\\Lean\\CoherenceLattice\\out\\tel_smoke_steps\\konomi_smoke_perturb_1\\femto\\femto_async_results.csv",
    "results": [
      {
        "concurrency": 1,
        "n_requests": 300,
        "p50_ms": 0.0362,
        "p95_ms": 0.0461,
        "mean_ms": 0.03776366666666667,
        "throughput_rps": 7073.736592202519,
        "max_loop_lag_ms": -9.999999776482582,
        "alloc_cur_kb_delta": 43.3642578125,
        "alloc_peak_kb": 43.6220703125
      },
      {
        "concurrency": 9,
        "n_requests": 300,
        "p50_ms": 0.1251,
        "p95_ms": 0.1393,
        "mean_ms": 0.12648633333333334,
        "throughput_rps": 22093.425892889845,
        "max_loop_lag_ms": -9.999999776482582,
        "alloc_cur_kb_delta": 23.2197265625,
        "alloc_peak_kb": 34.1513671875
      },
      {
        "concurrency": 64,
        "n_requests": 300,
        "p50_ms": 0.7487,
        "p95_ms": 0.8644,
        "mean_ms": 0.735791,
        "throughput_rps": 25643.21655036346,
        "max_loop_lag_ms": -9.999999776482582,
        "alloc_cur_kb_delta": 57.74609375,
        "alloc_peak_kb": 124.232421875
      }
    ],
    "gates": {},
    "notes": "FemtoModel is a stub for wiring + concurrency (not trained unless stated)."
  }
}