{
  "femto_bench": {
    "git_commit": "090691e8f3ff12a8607a4c9877a1838c4fb0db68",
    "machine_profile": {
      "platform": "Windows-11-10.0.26100-SP0",
      "python": "3.12.10",
      "numpy": "2.4.0",
      "cpu_count": 12,
      "processor": "Intel64 Family 6 Model 165 Stepping 2, GenuineIntel"
    },
    "workload_definition": {
      "n_requests": 300,
      "concurrency": [
        1,
        9,
        64
      ],
      "warmup": 20,
      "seed": 0
    },
    "results_csv": "C:\\Users\\pdxvo\\Documents\\Lean\\CoherenceLattice\\out\\tel_events_enriched_verify\\konomi_smoke_base\\femto\\femto_async_results.csv",
    "results": [
      {
        "concurrency": 1,
        "n_requests": 300,
        "p50_ms": 0.0422,
        "p95_ms": 0.0872,
        "mean_ms": 0.052612,
        "throughput_rps": 4817.125850612391,
        "max_loop_lag_ms": -9.999999776482582,
        "alloc_cur_kb_delta": 39.044921875,
        "alloc_peak_kb": 39.302734375
      },
      {
        "concurrency": 9,
        "n_requests": 300,
        "p50_ms": 0.1545,
        "p95_ms": 0.1964,
        "mean_ms": 0.16035933333333333,
        "throughput_rps": 17864.373872012522,
        "max_loop_lag_ms": -9.999999776482582,
        "alloc_cur_kb_delta": 23.0263671875,
        "alloc_peak_kb": 34.0498046875
      },
      {
        "concurrency": 64,
        "n_requests": 300,
        "p50_ms": 0.9261,
        "p95_ms": 1.0005,
        "mean_ms": 0.9004080000000001,
        "throughput_rps": 21903.565927685555,
        "max_loop_lag_ms": 5.000000353902578,
        "alloc_cur_kb_delta": 61.74609375,
        "alloc_peak_kb": 128.232421875
      }
    ],
    "gates": {},
    "notes": "FemtoModel is a stub for wiring + concurrency (not trained unless stated)."
  }
}