name,ratio,freqHz
unison,1,440.000000
m3,6/5,528.000000
M3,5/4,550.000000
P4,4/3,586.666667
P5,3/2,660.000000
octave,2,880.000000