concurrency,n_requests,p50_ms,p95_ms,mean_ms,throughput_rps,max_loop_lag_ms,alloc_cur_kb_delta,alloc_peak_kb
1,300,0.035,0.0586,0.038224,7018.0035181898065,-9.999999776482582,46.623046875,46.880859375
9,300,0.1366,0.1596,0.13985699999999998,20504.828892941827,-9.999999776482582,23.357421875,34.2890625
64,300,0.8208,0.9567,0.8076553333333334,24515.411926556175,-9.999999776482582,57.654296875,124.1865234375
