{
  "femto_bench": {
    "git_commit": "bc98dafeac398d799bc0b77907a69988ba9c6e26",
    "machine_profile": {
      "platform": "Windows-11-10.0.26100-SP0",
      "python": "3.12.10",
      "numpy": "2.4.0",
      "cpu_count": 12,
      "processor": "Intel64 Family 6 Model 165 Stepping 2, GenuineIntel"
    },
    "workload_definition": {
      "n_requests": 300,
      "concurrency": [
        1,
        9,
        64
      ],
      "warmup": 20,
      "seed": 0
    },
    "results_csv": "C:\\Users\\pdxvo\\Documents\\Lean\\CoherenceLattice\\out\\tel_smoke\\konomi_smoke_perturb_1\\femto\\femto_async_results.csv",
    "results": [
      {
        "concurrency": 1,
        "n_requests": 300,
        "p50_ms": 0.035,
        "p95_ms": 0.0586,
        "mean_ms": 0.038224,
        "throughput_rps": 7018.0035181898065,
        "max_loop_lag_ms": -9.999999776482582,
        "alloc_cur_kb_delta": 46.623046875,
        "alloc_peak_kb": 46.880859375
      },
      {
        "concurrency": 9,
        "n_requests": 300,
        "p50_ms": 0.1366,
        "p95_ms": 0.1596,
        "mean_ms": 0.13985699999999998,
        "throughput_rps": 20504.828892941827,
        "max_loop_lag_ms": -9.999999776482582,
        "alloc_cur_kb_delta": 23.357421875,
        "alloc_peak_kb": 34.2890625
      },
      {
        "concurrency": 64,
        "n_requests": 300,
        "p50_ms": 0.8208,
        "p95_ms": 0.9567,
        "mean_ms": 0.8076553333333334,
        "throughput_rps": 24515.411926556175,
        "max_loop_lag_ms": -9.999999776482582,
        "alloc_cur_kb_delta": 57.654296875,
        "alloc_peak_kb": 124.1865234375
      }
    ],
    "gates": {},
    "notes": "FemtoModel is a stub for wiring + concurrency (not trained unless stated)."
  }
}