{
  "femto_bench": {
    "git_commit": "9fa2f760f1fb3f4605af0fc153e219e315516ddb",
    "machine_profile": {
      "platform": "Windows-11-10.0.26100-SP0",
      "python": "3.12.10",
      "numpy": "2.4.0",
      "cpu_count": 12,
      "processor": "Intel64 Family 6 Model 165 Stepping 2, GenuineIntel"
    },
    "workload_definition": {
      "n_requests": 300,
      "concurrency": [
        1,
        9,
        64
      ],
      "warmup": 20,
      "seed": 0
    },
    "results_csv": "C:\\Users\\pdxvo\\Documents\\Lean\\CoherenceLattice\\out\\tel_smoke\\konomi_smoke_perturb_1\\femto\\femto_async_results.csv",
    "results": [
      {
        "concurrency": 1,
        "n_requests": 300,
        "p50_ms": 0.0344,
        "p95_ms": 0.0588,
        "mean_ms": 0.039322666666666665,
        "throughput_rps": 6864.3445425355,
        "max_loop_lag_ms": -9.999999776482582,
        "alloc_cur_kb_delta": 43.4970703125,
        "alloc_peak_kb": 43.80078125
      },
      {
        "concurrency": 9,
        "n_requests": 300,
        "p50_ms": 0.1278,
        "p95_ms": 0.1944,
        "mean_ms": 0.139454,
        "throughput_rps": 20891.6556616445,
        "max_loop_lag_ms": -9.999999776482582,
        "alloc_cur_kb_delta": 24.265625,
        "alloc_peak_kb": 35.197265625
      },
      {
        "concurrency": 64,
        "n_requests": 300,
        "p50_ms": 0.8198,
        "p95_ms": 0.9485,
        "mean_ms": 0.7860363333333333,
        "throughput_rps": 24843.48655508858,
        "max_loop_lag_ms": 6.000000052154064,
        "alloc_cur_kb_delta": 61.74609375,
        "alloc_peak_kb": 128.232421875
      }
    ],
    "gates": {},
    "notes": "FemtoModel is a stub for wiring + concurrency (not trained unless stated)."
  }
}