concurrency,n_requests,p50_ms,p95_ms,mean_ms,throughput_rps,max_loop_lag_ms,alloc_cur_kb_delta,alloc_peak_kb
1,300,0.0344,0.0588,0.039322666666666665,6864.3445425355,-9.999999776482582,43.4970703125,43.80078125
9,300,0.1278,0.1944,0.139454,20891.6556616445,-9.999999776482582,24.265625,35.197265625
64,300,0.8198,0.9485,0.7860363333333333,24843.48655508858,6.000000052154064,61.74609375,128.232421875
