{
  "femto_bench": {
    "git_commit": "ff16f482033b66020d43659428158340f04b5539",
    "machine_profile": {
      "platform": "Windows-11-10.0.26100-SP0",
      "python": "3.12.10",
      "numpy": "2.4.0",
      "cpu_count": 12,
      "processor": "Intel64 Family 6 Model 165 Stepping 2, GenuineIntel"
    },
    "workload_definition": {
      "n_requests": 300,
      "concurrency": [
        1,
        9,
        64
      ],
      "warmup": 20,
      "seed": 0
    },
    "results_csv": "C:\\Users\\pdxvo\\Documents\\Lean\\CoherenceLattice\\out\\tel_events_steps_verify2\\konomi_smoke_perturb_1\\femto\\femto_async_results.csv",
    "results": [
      {
        "concurrency": 1,
        "n_requests": 300,
        "p50_ms": 0.0439,
        "p95_ms": 0.088,
        "mean_ms": 0.05168233333333333,
        "throughput_rps": 5137.857271909798,
        "max_loop_lag_ms": -9.999999776482582,
        "alloc_cur_kb_delta": 43.267578125,
        "alloc_peak_kb": 43.5712890625
      },
      {
        "concurrency": 9,
        "n_requests": 300,
        "p50_ms": 0.1622,
        "p95_ms": 0.2955,
        "mean_ms": 0.18793033333333334,
        "throughput_rps": 15274.171495838922,
        "max_loop_lag_ms": -9.999999776482582,
        "alloc_cur_kb_delta": 23.71484375,
        "alloc_peak_kb": 34.6923828125
      },
      {
        "concurrency": 64,
        "n_requests": 300,
        "p50_ms": 1.0207,
        "p95_ms": 1.1864,
        "mean_ms": 0.9953196666666666,
        "throughput_rps": 19091.256229931063,
        "max_loop_lag_ms": -9.999999776482582,
        "alloc_cur_kb_delta": 61.74609375,
        "alloc_peak_kb": 128.232421875
      }
    ],
    "gates": {},
    "notes": "FemtoModel is a stub for wiring + concurrency (not trained unless stated)."
  }
}