{
  "femto_bench": {
    "git_commit": "bc98dafeac398d799bc0b77907a69988ba9c6e26",
    "machine_profile": {
      "platform": "Windows-11-10.0.26100-SP0",
      "python": "3.12.10",
      "numpy": "2.4.0",
      "cpu_count": 12,
      "processor": "Intel64 Family 6 Model 165 Stepping 2, GenuineIntel"
    },
    "workload_definition": {
      "n_requests": 300,
      "concurrency": [
        1,
        9,
        64
      ],
      "warmup": 20,
      "seed": 0
    },
    "results_csv": "C:\\Users\\pdxvo\\Documents\\Lean\\CoherenceLattice\\out\\tel_smoke\\konomi_smoke_base\\femto\\femto_async_results.csv",
    "results": [
      {
        "concurrency": 1,
        "n_requests": 300,
        "p50_ms": 0.035,
        "p95_ms": 0.0439,
        "mean_ms": 0.037631333333333336,
        "throughput_rps": 7090.388280102592,
        "max_loop_lag_ms": -9.999999776482582,
        "alloc_cur_kb_delta": 42.8544921875,
        "alloc_peak_kb": 43.158203125
      },
      {
        "concurrency": 9,
        "n_requests": 300,
        "p50_ms": 0.1277,
        "p95_ms": 0.1898,
        "mean_ms": 0.13254966666666665,
        "throughput_rps": 21214.606798552002,
        "max_loop_lag_ms": -9.999999776482582,
        "alloc_cur_kb_delta": 24.1279296875,
        "alloc_peak_kb": 35.10546875
      },
      {
        "concurrency": 64,
        "n_requests": 300,
        "p50_ms": 0.7589,
        "p95_ms": 0.8192,
        "mean_ms": 0.7343566666666667,
        "throughput_rps": 25756.158163405027,
        "max_loop_lag_ms": -9.999999776482582,
        "alloc_cur_kb_delta": 61.7001953125,
        "alloc_peak_kb": 128.232421875
      }
    ],
    "gates": {},
    "notes": "FemtoModel is a stub for wiring + concurrency (not trained unless stated)."
  }
}