concurrency,n_requests,p50_ms,p95_ms,mean_ms,throughput_rps,max_loop_lag_ms,alloc_cur_kb_delta,alloc_peak_kb
1,300,0.035,0.0439,0.037631333333333336,7090.388280102592,-9.999999776482582,42.8544921875,43.158203125
9,300,0.1277,0.1898,0.13254966666666665,21214.606798552002,-9.999999776482582,24.1279296875,35.10546875
64,300,0.7589,0.8192,0.7343566666666667,25756.158163405027,-9.999999776482582,61.7001953125,128.232421875
