{
  "femto_bench": {
    "git_commit": "9fa2f760f1fb3f4605af0fc153e219e315516ddb",
    "machine_profile": {
      "platform": "Windows-11-10.0.26100-SP0",
      "python": "3.12.10",
      "numpy": "2.4.0",
      "cpu_count": 12,
      "processor": "Intel64 Family 6 Model 165 Stepping 2, GenuineIntel"
    },
    "workload_definition": {
      "n_requests": 300,
      "concurrency": [
        1,
        9,
        64
      ],
      "warmup": 20,
      "seed": 0
    },
    "results_csv": "C:\\Users\\pdxvo\\Documents\\Lean\\CoherenceLattice\\out\\tel_smoke\\konomi_smoke_base\\femto\\femto_async_results.csv",
    "results": [
      {
        "concurrency": 1,
        "n_requests": 300,
        "p50_ms": 0.0374,
        "p95_ms": 0.0543,
        "mean_ms": 0.039005333333333336,
        "throughput_rps": 6830.39888539764,
        "max_loop_lag_ms": -9.999999776482582,
        "alloc_cur_kb_delta": 43.4970703125,
        "alloc_peak_kb": 43.80078125
      },
      {
        "concurrency": 9,
        "n_requests": 300,
        "p50_ms": 0.1302,
        "p95_ms": 0.1498,
        "mean_ms": 0.132388,
        "throughput_rps": 21299.103258772735,
        "max_loop_lag_ms": 6.000000052154064,
        "alloc_cur_kb_delta": 23.8984375,
        "alloc_peak_kb": 34.830078125
      },
      {
        "concurrency": 64,
        "n_requests": 300,
        "p50_ms": 0.7656,
        "p95_ms": 1.9143,
        "mean_ms": 1.016006,
        "throughput_rps": 18782.63445706286,
        "max_loop_lag_ms": -9.999999776482582,
        "alloc_cur_kb_delta": 61.7001953125,
        "alloc_peak_kb": 128.232421875
      }
    ],
    "gates": {},
    "notes": "FemtoModel is a stub for wiring + concurrency (not trained unless stated)."
  }
}