concurrency,n_requests,p50_ms,p95_ms,mean_ms,throughput_rps,max_loop_lag_ms,alloc_cur_kb_delta,alloc_peak_kb
1,300,0.0374,0.0543,0.039005333333333336,6830.39888539764,-9.999999776482582,43.4970703125,43.80078125
9,300,0.1302,0.1498,0.132388,21299.103258772735,6.000000052154064,23.8984375,34.830078125
64,300,0.7656,1.9143,1.016006,18782.63445706286,-9.999999776482582,61.7001953125,128.232421875
