shape,batch,repeats,p50_ms,p95_ms,mean_ms,dtype
256x256x256,1,5,0.2853,0.3155,0.28998,float32
256x256x256,16,5,4.0564,4.7245,4.17772,float32
512x512x512,1,5,1.0272,1.1463,1.02704,float32
512x512x512,16,5,16.9811,17.4851,17.065559999999998,float32
1024x1024x1024,1,5,8.5596,11.5078,8.66108,float32
1024x1024x1024,16,5,124.9099,131.7747,124.36032,float32
