n_nodes,queue_max,max_inflight,process_delay_s,concurrency,n_requests,p50_ms,p95_ms,mean_ms,throughput_rps,alloc_cur_kb_delta,alloc_peak_kb
9,1024,1024,0.0,1,1200,0.0499,0.1099,0.07098033333333334,9166.455935342308,913.1591796875,1796.208984375
9,1024,1024,0.0,9,1200,0.3051,0.4747,0.386523,12822.36222669912,992.2294921875,1875.8642578125
9,1024,1024,0.0,64,1200,1.7691,11.5632,2.2614614166666667,15170.900242129293,870.2763671875,1764.3154296875
